Campaign_Name,Campaign_Id,Category,Launch_Date,Sub_Category,Campaign_Drivers,Product_Id,Multi_Channel,Call_For_Action,Channel_1,Channel_2,Channel_3,Focused_Geography,Tenure_Of_Campaign
Above all in service,1,Acquisition,4/27/2014,Seasonal,Discount offer,2,1,3,Email,Cold Calling,SMS,Nation Wide,1
All your protection under one roof,2,Acquisition,5/30/2014,Branding,Extra benifits,4,1,3,Email,Cold Calling,SMS,Nation Wide,1
Be life full confident,3,Acquisition,11/4/2014,Seasonal,Discount offer,1,1,3,Email,Cold Calling,SMS,Nation Wide,1
Together we are stronger,4,Acquisition,8/30/2014,Seasonal,Additional Coverage,5,1,3,Email,Cold Calling,SMS,Nation Wide,1
The power to help you succeed,5,Acquisition,6/21/2014,Seasonal,Discount offer,3,1,3,Email,Cold Calling,SMS,Nation Wide,2
Know Money,6,Acquisition,8/2/2014,Penetration,Extra benifits,6,1,3,Email,Cold Calling,SMS,Nation Wide,2
